survey,year,haul,gear,length_type,length_mm,length_bin
202604,2026,105,LFS1421,scope,15.000300000000001,15.5
202604,2026,105,LFS1421,scope,18.5718,18.5
202604,2026,105,LFS1421,scope,21.429000000000002,21.5
202604,2026,105,LFS1421,scope,19.2861,19.5
202604,2026,105,LFS1421,scope,19.2861,19.5
202604,2026,105,LFS1421,scope,15.000300000000001,15.5
202604,2026,105,LFS1421,scope,15.7146,15.5
202604,2026,105,LFS1421,scope,17.1432,17.5
202604,2026,105,LFS1421,scope,20.7147,20.5
202604,2026,105,LFS1421,scope,17.1432,17.5
202604,2026,105,LFS1421,scope,17.8575,17.5
202604,2026,105,LFS1421,scope,17.1432,17.5
202604,2026,105,LFS1421,scope,16.428900000000002,16.5
202604,2026,105,LFS1421,scope,15.000300000000001,15.5
202604,2026,105,LFS1421,scope,15.000300000000001,15.5
202604,2026,105,LFS1421,scope,17.1432,17.5
202604,2026,105,LFS1421,scope,19.2861,19.5
202604,2026,105,LFS1421,scope,17.8575,17.5
202604,2026,105,LFS1421,scope,17.1432,17.5
202604,2026,105,LFS1421,scope,21.429000000000002,21.5
202604,2026,105,LFS1421,scope,15.000300000000001,15.5
202604,2026,105,LFS1421,scope,19.2861,19.5
202604,2026,105,LFS1421,scope,17.8575,17.5
202604,2026,105,LFS1421,scope,15.7146,15.5
202604,2026,109,LFS1421,scope,17.1432,17.5
202604,2026,109,LFS1421,scope,17.1432,17.5
202604,2026,109,LFS1421,scope,17.1432,17.5
202604,2026,109,LFS1421,scope,20.7147,20.5
202604,2026,109,LFS1421,scope,17.8575,17.5
202604,2026,109,LFS1421,scope,17.8575,17.5
202604,2026,109,LFS1421,scope,17.1432,17.5
202604,2026,109,LFS1421,scope,20.7147,20.5
202604,2026,109,LFS1421,scope,16.428900000000002,16.5
202604,2026,109,LFS1421,scope,19.2861,19.5
202604,2026,109,LFS1421,scope,17.1432,17.5
202604,2026,109,LFS1421,scope,19.2861,19.5
202604,2026,109,LFS1421,scope,19.2861,19.5
202604,2026,109,LFS1421,scope,17.8575,17.5
202604,2026,109,LFS1421,scope,20.000400000000003,20.5
202604,2026,109,LFS1421,scope,19.2861,19.5
202604,2026,109,LFS1421,scope,22.1433,22.5
202604,2026,109,LFS1421,scope,18.5718,18.5
202604,2026,109,LFS1421,scope,15.000300000000001,15.5
202604,2026,109,LFS1421,scope,20.000400000000003,20.5
202604,2026,109,LFS1421,scope,17.8575,17.5
202604,2026,109,LFS1421,scope,17.8575,17.5
202604,2026,109,LFS1421,scope,18.5718,18.5
202604,2026,109,LFS1421,scope,17.1432,17.5
202604,2026,111,LFS1421,scope,22.8576,22.5
202604,2026,111,LFS1421,scope,16.428900000000002,16.5
202604,2026,111,LFS1421,scope,17.1432,17.5
202604,2026,111,LFS1421,scope,19.2861,19.5
202604,2026,111,LFS1421,scope,19.2861,19.5
202604,2026,111,LFS1421,scope,21.429000000000002,21.5
202604,2026,111,LFS1421,scope,19.2861,19.5
202604,2026,111,LFS1421,scope,19.2861,19.5
202604,2026,111,LFS1421,scope,22.8576,22.5
202604,2026,111,LFS1421,scope,19.2861,19.5
202604,2026,111,LFS1421,scope,17.8575,17.5
202604,2026,111,LFS1421,scope,22.1433,22.5
202604,2026,111,LFS1421,scope,20.000400000000003,20.5
202604,2026,111,LFS1421,scope,18.5718,18.5
202604,2026,111,LFS1421,scope,14.286000000000001,14.5
202604,2026,111,LFS1421,scope,15.7146,15.5
202604,2026,111,LFS1421,scope,17.8575,17.5
202604,2026,111,LFS1421,scope,20.000400000000003,20.5
202604,2026,111,LFS1421,scope,17.1432,17.5
202604,2026,111,LFS1421,scope,17.1432,17.5
202604,2026,111,LFS1421,scope,17.1432,17.5
202604,2026,111,LFS1421,scope,18.5718,18.5
202604,2026,111,LFS1421,scope,15.7146,15.5
202604,2026,135,LFS1421,scope,17.1432,17.5
202604,2026,135,LFS1421,scope,16.428900000000002,16.5
202604,2026,135,LFS1421,scope,17.8575,17.5
202604,2026,135,LFS1421,scope,17.8575,17.5
202604,2026,135,LFS1421,scope,14.286000000000001,14.5
202604,2026,135,LFS1421,scope,17.8575,17.5
202604,2026,135,LFS1421,scope,19.2861,19.5
202604,2026,135,LFS1421,scope,17.1432,17.5
202604,2026,135,LFS1421,scope,17.8575,17.5
202604,2026,135,LFS1421,scope,15.7146,15.5
202604,2026,135,LFS1421,scope,16.428900000000002,16.5
202604,2026,135,LFS1421,scope,17.8575,17.5
202604,2026,140,LFS1421,scope,16.428900000000002,16.5
202604,2026,140,LFS1421,scope,17.1432,17.5
202604,2026,140,LFS1421,scope,15.7146,15.5
202604,2026,140,LFS1421,scope,17.1432,17.5
202604,2026,140,LFS1421,scope,19.2861,19.5
202604,2026,140,LFS1421,scope,15.000300000000001,15.5
202604,2026,140,LFS1421,scope,16.428900000000002,16.5
202604,2026,140,LFS1421,scope,15.000300000000001,15.5
202604,2026,140,LFS1421,scope,15.7146,15.5
202604,2026,140,LFS1421,scope,17.1432,17.5
202604,2026,140,LFS1421,scope,12.1431,12.5
202604,2026,140,LFS1421,scope,19.2861,19.5
202604,2026,140,LFS1421,scope,16.428900000000002,16.5
202604,2026,140,LFS1421,scope,15.000300000000001,15.5
202604,2026,142,LFS1421,scope,15.000300000000001,15.5
202604,2026,142,LFS1421,scope,15.7146,15.5
202604,2026,142,LFS1421,scope,17.8575,17.5
202604,2026,142,LFS1421,scope,26.429100000000002,26.5
202604,2026,142,LFS1421,scope,15.000300000000001,15.5
202604,2026,142,LFS1421,scope,18.5718,18.5
202604,2026,142,LFS1421,scope,16.428900000000002,16.5
202604,2026,142,LFS1421,scope,14.286000000000001,14.5
202604,2026,142,LFS1421,scope,17.8575,17.5
202604,2026,142,LFS1421,scope,15.7146,15.5
202604,2026,142,LFS1421,scope,14.286000000000001,14.5
202604,2026,142,LFS1421,scope,16.428900000000002,16.5
202604,2026,142,LFS1421,scope,15.000300000000001,15.5
202604,2026,142,LFS1421,scope,15.000300000000001,15.5
202604,2026,142,LFS1421,scope,19.2861,19.5
202604,2026,142,LFS1421,scope,16.428900000000002,16.5
202604,2026,154,LFS1421,scope,21.429000000000002,21.5
202604,2026,154,LFS1421,scope,17.8575,17.5
202604,2026,154,LFS1421,scope,20.7147,20.5
202604,2026,154,LFS1421,scope,20.000400000000003,20.5
202604,2026,154,LFS1421,scope,17.8575,17.5
202604,2026,154,LFS1421,scope,17.8575,17.5
202604,2026,154,LFS1421,scope,18.5718,18.5
202604,2026,154,LFS1421,scope,18.5718,18.5
202604,2026,154,LFS1421,scope,20.000400000000003,20.5
202604,2026,154,LFS1421,scope,18.5718,18.5
202604,2026,154,LFS1421,scope,22.8576,22.5
202604,2026,154,LFS1421,scope,19.2861,19.5
202604,2026,154,LFS1421,scope,17.8575,17.5
202604,2026,154,LFS1421,scope,18.5718,18.5
202604,2026,154,LFS1421,scope,15.7146,15.5
202604,2026,154,LFS1421,scope,17.8575,17.5
202604,2026,172,LFS1421,scope,15.7146,15.5
202604,2026,172,LFS1421,scope,17.1432,17.5
202604,2026,172,LFS1421,scope,17.1432,17.5
202604,2026,172,LFS1421,scope,17.1432,17.5
202604,2026,172,LFS1421,scope,19.2861,19.5
202604,2026,172,LFS1421,scope,17.1432,17.5
202604,2026,172,LFS1421,scope,16.428900000000002,16.5
202604,2026,172,LFS1421,scope,15.7146,15.5
202604,2026,172,LFS1421,scope,18.5718,18.5
202604,2026,172,LFS1421,scope,15.000300000000001,15.5
202604,2026,172,LFS1421,scope,20.000400000000003,20.5
202604,2026,172,LFS1421,scope,17.1432,17.5
202604,2026,172,LFS1421,scope,19.2861,19.5
202604,2026,172,LFS1421,scope,15.7146,15.5
202604,2026,172,LFS1421,scope,16.428900000000002,16.5
202604,2026,172,LFS1421,scope,14.286000000000001,14.5
