survey,year,haul,gear,species_code,taxon,count
200707,2007,2,Methot,4189,Neocalanus cristatus,0
200707,2007,2,Methot,4187,Eucalanus bungii,1
200707,2007,2,Methot,100,Other copepods,0
200707,2007,2,Methot,2049,Tessarabrachion oculatum,0
200707,2007,2,Methot,2003,Thysanoessa raschii,179
200707,2007,2,Methot,2001,Thysanoessa inermis,0
200707,2007,2,Methot,2027,Thysanoessa spinifera,13
200707,2007,2,Methot,2026,Thysanoessa longipes,0
200707,2007,2,Methot,2028,Thysanoessa inspinata,0
200707,2007,2,Methot,2025,Euphausia pacifica,1
200707,2007,2,Methot,2000,Other euphausiids,4
200707,2007,2,Methot,200,Chaetognatha,0
200707,2007,2,Methot,3500,Teleost larvae,0
200707,2007,2,Methot,551,Natantia,0
200707,2007,2,Methot,2350,Cnidarian  (medusae),0
200707,2007,2,Methot,2700,Ctenophora,0
200707,2007,2,Methot,895,Gammaridea,0
200707,2007,2,Methot,457,Hyperiidea,0
200707,2007,2,Methot,2800,Mysidacea,0
200707,2007,2,Methot,1800,Siphonophora,0
200707,2007,12,Methot,4189,Neocalanus cristatus,0
200707,2007,12,Methot,4187,Eucalanus bungii,0
200707,2007,12,Methot,100,Other copepods,0
200707,2007,12,Methot,2049,Tessarabrachion oculatum,0
200707,2007,12,Methot,2003,Thysanoessa raschii,150
200707,2007,12,Methot,2001,Thysanoessa inermis,1
200707,2007,12,Methot,2027,Thysanoessa spinifera,2
200707,2007,12,Methot,2026,Thysanoessa longipes,0
200707,2007,12,Methot,2028,Thysanoessa inspinata,0
200707,2007,12,Methot,2025,Euphausia pacifica,0
200707,2007,12,Methot,2000,Other euphausiids,19
200707,2007,12,Methot,200,Chaetognatha,3
200707,2007,12,Methot,3500,Teleost larvae,0
200707,2007,12,Methot,551,Natantia,0
200707,2007,12,Methot,2350,Cnidarian  (medusae),5
200707,2007,12,Methot,2700,Ctenophora,0
200707,2007,12,Methot,895,Gammaridea,0
200707,2007,12,Methot,457,Hyperiidea,0
200707,2007,12,Methot,2800,Mysidacea,0
200707,2007,12,Methot,1800,Siphonophora,0
200707,2007,13,Methot,4189,Neocalanus cristatus,1
200707,2007,13,Methot,4187,Eucalanus bungii,0
200707,2007,13,Methot,100,Other copepods,0
200707,2007,13,Methot,2049,Tessarabrachion oculatum,0
200707,2007,13,Methot,2003,Thysanoessa raschii,95
200707,2007,13,Methot,2001,Thysanoessa inermis,5
200707,2007,13,Methot,2027,Thysanoessa spinifera,0
200707,2007,13,Methot,2026,Thysanoessa longipes,0
200707,2007,13,Methot,2028,Thysanoessa inspinata,0
200707,2007,13,Methot,2025,Euphausia pacifica,0
200707,2007,13,Methot,2000,Other euphausiids,14
200707,2007,13,Methot,200,Chaetognatha,0
200707,2007,13,Methot,3500,Teleost larvae,0
200707,2007,13,Methot,551,Natantia,0
200707,2007,13,Methot,2350,Cnidarian  (medusae),0
200707,2007,13,Methot,2700,Ctenophora,0
200707,2007,13,Methot,895,Gammaridea,0
200707,2007,13,Methot,457,Hyperiidea,0
200707,2007,13,Methot,2800,Mysidacea,0
200707,2007,13,Methot,1800,Siphonophora,0
200707,2007,16,Methot,4189,Neocalanus cristatus,6
200707,2007,16,Methot,4187,Eucalanus bungii,1
200707,2007,16,Methot,100,Other copepods,0
200707,2007,16,Methot,2049,Tessarabrachion oculatum,0
200707,2007,16,Methot,2003,Thysanoessa raschii,0
200707,2007,16,Methot,2001,Thysanoessa inermis,28
200707,2007,16,Methot,2027,Thysanoessa spinifera,40
200707,2007,16,Methot,2026,Thysanoessa longipes,23
200707,2007,16,Methot,2028,Thysanoessa inspinata,0
200707,2007,16,Methot,2025,Euphausia pacifica,1
200707,2007,16,Methot,2000,Other euphausiids,16
200707,2007,16,Methot,200,Chaetognatha,0
200707,2007,16,Methot,3500,Teleost larvae,0
200707,2007,16,Methot,551,Natantia,0
200707,2007,16,Methot,2350,Cnidarian  (medusae),0
200707,2007,16,Methot,2700,Ctenophora,0
200707,2007,16,Methot,895,Gammaridea,0
200707,2007,16,Methot,457,Hyperiidea,0
200707,2007,16,Methot,2800,Mysidacea,0
200707,2007,16,Methot,1800,Siphonophora,0
200707,2007,23,Methot,4189,Neocalanus cristatus,0
200707,2007,23,Methot,4187,Eucalanus bungii,0
200707,2007,23,Methot,100,Other copepods,0
200707,2007,23,Methot,2049,Tessarabrachion oculatum,0
200707,2007,23,Methot,2003,Thysanoessa raschii,0
200707,2007,23,Methot,2001,Thysanoessa inermis,72
200707,2007,23,Methot,2027,Thysanoessa spinifera,24
200707,2007,23,Methot,2026,Thysanoessa longipes,4
200707,2007,23,Methot,2028,Thysanoessa inspinata,0
200707,2007,23,Methot,2025,Euphausia pacifica,3
200707,2007,23,Methot,2000,Other euphausiids,10
200707,2007,23,Methot,200,Chaetognatha,0
200707,2007,23,Methot,3500,Teleost larvae,0
200707,2007,23,Methot,551,Natantia,0
200707,2007,23,Methot,2350,Cnidarian  (medusae),0
200707,2007,23,Methot,2700,Ctenophora,0
200707,2007,23,Methot,895,Gammaridea,0
200707,2007,23,Methot,457,Hyperiidea,0
200707,2007,23,Methot,2800,Mysidacea,0
200707,2007,23,Methot,1800,Siphonophora,0
200707,2007,31,Methot,4189,Neocalanus cristatus,19
200707,2007,31,Methot,4187,Eucalanus bungii,0
200707,2007,31,Methot,100,Other copepods,0
200707,2007,31,Methot,2049,Tessarabrachion oculatum,0
200707,2007,31,Methot,2003,Thysanoessa raschii,0
200707,2007,31,Methot,2001,Thysanoessa inermis,1
200707,2007,31,Methot,2027,Thysanoessa spinifera,3
200707,2007,31,Methot,2026,Thysanoessa longipes,2
200707,2007,31,Methot,2028,Thysanoessa inspinata,0
200707,2007,31,Methot,2025,Euphausia pacifica,98
200707,2007,31,Methot,2000,Other euphausiids,8
200707,2007,31,Methot,200,Chaetognatha,0
200707,2007,31,Methot,3500,Teleost larvae,0
200707,2007,31,Methot,551,Natantia,0
200707,2007,31,Methot,2350,Cnidarian  (medusae),0
200707,2007,31,Methot,2700,Ctenophora,0
200707,2007,31,Methot,895,Gammaridea,0
200707,2007,31,Methot,457,Hyperiidea,0
200707,2007,31,Methot,2800,Mysidacea,0
200707,2007,31,Methot,1800,Siphonophora,0
200707,2007,52,Methot,4189,Neocalanus cristatus,1
200707,2007,52,Methot,4187,Eucalanus bungii,0
200707,2007,52,Methot,100,Other copepods,0
200707,2007,52,Methot,2049,Tessarabrachion oculatum,0
200707,2007,52,Methot,2003,Thysanoessa raschii,114
200707,2007,52,Methot,2001,Thysanoessa inermis,18
200707,2007,52,Methot,2027,Thysanoessa spinifera,0
200707,2007,52,Methot,2026,Thysanoessa longipes,0
200707,2007,52,Methot,2028,Thysanoessa inspinata,0
200707,2007,52,Methot,2025,Euphausia pacifica,0
200707,2007,52,Methot,2000,Other euphausiids,6
200707,2007,52,Methot,200,Chaetognatha,6
200707,2007,52,Methot,3500,Teleost larvae,1
200707,2007,52,Methot,551,Natantia,0
200707,2007,52,Methot,2350,Cnidarian  (medusae),1
200707,2007,52,Methot,2700,Ctenophora,0
200707,2007,52,Methot,895,Gammaridea,0
200707,2007,52,Methot,457,Hyperiidea,0
200707,2007,52,Methot,2800,Mysidacea,0
200707,2007,52,Methot,1800,Siphonophora,0
200707,2007,53,Methot,4189,Neocalanus cristatus,0
200707,2007,53,Methot,4187,Eucalanus bungii,0
200707,2007,53,Methot,100,Other copepods,0
200707,2007,53,Methot,2049,Tessarabrachion oculatum,0
200707,2007,53,Methot,2003,Thysanoessa raschii,99
200707,2007,53,Methot,2001,Thysanoessa inermis,4
200707,2007,53,Methot,2027,Thysanoessa spinifera,0
200707,2007,53,Methot,2026,Thysanoessa longipes,0
200707,2007,53,Methot,2028,Thysanoessa inspinata,0
200707,2007,53,Methot,2025,Euphausia pacifica,0
200707,2007,53,Methot,2000,Other euphausiids,4
200707,2007,53,Methot,200,Chaetognatha,0
200707,2007,53,Methot,3500,Teleost larvae,0
200707,2007,53,Methot,551,Natantia,0
200707,2007,53,Methot,2350,Cnidarian  (medusae),0
200707,2007,53,Methot,2700,Ctenophora,0
200707,2007,53,Methot,895,Gammaridea,0
200707,2007,53,Methot,457,Hyperiidea,0
200707,2007,53,Methot,2800,Mysidacea,0
200707,2007,53,Methot,1800,Siphonophora,0
200707,2007,55,Methot,4189,Neocalanus cristatus,0
200707,2007,55,Methot,4187,Eucalanus bungii,0
200707,2007,55,Methot,100,Other copepods,0
200707,2007,55,Methot,2049,Tessarabrachion oculatum,0
200707,2007,55,Methot,2003,Thysanoessa raschii,87
200707,2007,55,Methot,2001,Thysanoessa inermis,10
200707,2007,55,Methot,2027,Thysanoessa spinifera,0
200707,2007,55,Methot,2026,Thysanoessa longipes,0
200707,2007,55,Methot,2028,Thysanoessa inspinata,0
200707,2007,55,Methot,2025,Euphausia pacifica,0
200707,2007,55,Methot,2000,Other euphausiids,67
200707,2007,55,Methot,200,Chaetognatha,0
200707,2007,55,Methot,3500,Teleost larvae,0
200707,2007,55,Methot,551,Natantia,0
200707,2007,55,Methot,2350,Cnidarian  (medusae),7
200707,2007,55,Methot,2700,Ctenophora,0
200707,2007,55,Methot,895,Gammaridea,0
200707,2007,55,Methot,457,Hyperiidea,0
200707,2007,55,Methot,2800,Mysidacea,0
200707,2007,55,Methot,1800,Siphonophora,0
200707,2007,61,Methot,4189,Neocalanus cristatus,10
200707,2007,61,Methot,4187,Eucalanus bungii,0
200707,2007,61,Methot,100,Other copepods,0
200707,2007,61,Methot,2049,Tessarabrachion oculatum,0
200707,2007,61,Methot,2003,Thysanoessa raschii,0
200707,2007,61,Methot,2001,Thysanoessa inermis,36
200707,2007,61,Methot,2027,Thysanoessa spinifera,14
200707,2007,61,Methot,2026,Thysanoessa longipes,17
200707,2007,61,Methot,2028,Thysanoessa inspinata,0
200707,2007,61,Methot,2025,Euphausia pacifica,54
200707,2007,61,Methot,2000,Other euphausiids,0
200707,2007,61,Methot,200,Chaetognatha,5
200707,2007,61,Methot,3500,Teleost larvae,0
200707,2007,61,Methot,551,Natantia,0
200707,2007,61,Methot,2350,Cnidarian  (medusae),5
200707,2007,61,Methot,2700,Ctenophora,0
200707,2007,61,Methot,895,Gammaridea,0
200707,2007,61,Methot,457,Hyperiidea,0
200707,2007,61,Methot,2800,Mysidacea,0
200707,2007,61,Methot,1800,Siphonophora,0
200707,2007,66,Methot,4189,Neocalanus cristatus,0
200707,2007,66,Methot,4187,Eucalanus bungii,0
200707,2007,66,Methot,100,Other copepods,0
200707,2007,66,Methot,2049,Tessarabrachion oculatum,0
200707,2007,66,Methot,2003,Thysanoessa raschii,142
200707,2007,66,Methot,2001,Thysanoessa inermis,1
200707,2007,66,Methot,2027,Thysanoessa spinifera,0
200707,2007,66,Methot,2026,Thysanoessa longipes,0
200707,2007,66,Methot,2028,Thysanoessa inspinata,0
200707,2007,66,Methot,2025,Euphausia pacifica,1
200707,2007,66,Methot,2000,Other euphausiids,9
200707,2007,66,Methot,200,Chaetognatha,0
200707,2007,66,Methot,3500,Teleost larvae,0
200707,2007,66,Methot,551,Natantia,0
200707,2007,66,Methot,2350,Cnidarian  (medusae),3
200707,2007,66,Methot,2700,Ctenophora,0
200707,2007,66,Methot,895,Gammaridea,0
200707,2007,66,Methot,457,Hyperiidea,18
200707,2007,66,Methot,2800,Mysidacea,0
200707,2007,66,Methot,1800,Siphonophora,0
200707,2007,67,Methot,4189,Neocalanus cristatus,0
200707,2007,67,Methot,4187,Eucalanus bungii,0
200707,2007,67,Methot,100,Other copepods,0
200707,2007,67,Methot,2049,Tessarabrachion oculatum,0
200707,2007,67,Methot,2003,Thysanoessa raschii,78
200707,2007,67,Methot,2001,Thysanoessa inermis,42
200707,2007,67,Methot,2027,Thysanoessa spinifera,0
200707,2007,67,Methot,2026,Thysanoessa longipes,0
200707,2007,67,Methot,2028,Thysanoessa inspinata,0
200707,2007,67,Methot,2025,Euphausia pacifica,0
200707,2007,67,Methot,2000,Other euphausiids,2
200707,2007,67,Methot,200,Chaetognatha,2
200707,2007,67,Methot,3500,Teleost larvae,0
200707,2007,67,Methot,551,Natantia,0
200707,2007,67,Methot,2350,Cnidarian  (medusae),0
200707,2007,67,Methot,2700,Ctenophora,0
200707,2007,67,Methot,895,Gammaridea,0
200707,2007,67,Methot,457,Hyperiidea,1
200707,2007,67,Methot,2800,Mysidacea,0
200707,2007,67,Methot,1800,Siphonophora,0
200707,2007,93,Methot,4189,Neocalanus cristatus,0
200707,2007,93,Methot,4187,Eucalanus bungii,0
200707,2007,93,Methot,100,Other copepods,0
200707,2007,93,Methot,2049,Tessarabrachion oculatum,0
200707,2007,93,Methot,2003,Thysanoessa raschii,28
200707,2007,93,Methot,2001,Thysanoessa inermis,49
200707,2007,93,Methot,2027,Thysanoessa spinifera,0
200707,2007,93,Methot,2026,Thysanoessa longipes,0
200707,2007,93,Methot,2028,Thysanoessa inspinata,0
200707,2007,93,Methot,2025,Euphausia pacifica,0
200707,2007,93,Methot,2000,Other euphausiids,24
200707,2007,93,Methot,200,Chaetognatha,0
200707,2007,93,Methot,3500,Teleost larvae,0
200707,2007,93,Methot,551,Natantia,0
200707,2007,93,Methot,2350,Cnidarian  (medusae),0
200707,2007,93,Methot,2700,Ctenophora,0
200707,2007,93,Methot,895,Gammaridea,0
200707,2007,93,Methot,457,Hyperiidea,4
200707,2007,93,Methot,2800,Mysidacea,0
200707,2007,93,Methot,1800,Siphonophora,0
200707,2007,125,Methot,4189,Neocalanus cristatus,1
200707,2007,125,Methot,4187,Eucalanus bungii,0
200707,2007,125,Methot,100,Other copepods,0
200707,2007,125,Methot,2049,Tessarabrachion oculatum,0
200707,2007,125,Methot,2003,Thysanoessa raschii,0
200707,2007,125,Methot,2001,Thysanoessa inermis,122
200707,2007,125,Methot,2027,Thysanoessa spinifera,5
200707,2007,125,Methot,2026,Thysanoessa longipes,0
200707,2007,125,Methot,2028,Thysanoessa inspinata,0
200707,2007,125,Methot,2025,Euphausia pacifica,0
200707,2007,125,Methot,2000,Other euphausiids,6
200707,2007,125,Methot,200,Chaetognatha,0
200707,2007,125,Methot,3500,Teleost larvae,0
200707,2007,125,Methot,551,Natantia,0
200707,2007,125,Methot,2350,Cnidarian  (medusae),4
200707,2007,125,Methot,2700,Ctenophora,0
200707,2007,125,Methot,895,Gammaridea,0
200707,2007,125,Methot,457,Hyperiidea,0
200707,2007,125,Methot,2800,Mysidacea,0
200707,2007,125,Methot,1800,Siphonophora,0
