Region,poland_length_mm,SL1_length_mm,SL2_length_mm,sigmaBS,TS,wet_wt_mg
EBS,5.5,6,4.7,3.84022805155529e-12,-114.15642984332676,1.2505958995690691
EBS,6.5,7.1,5.6,9.59570504502974e-12,-110.17923109941881,2.1607502498319846
EBS,7.5,8.1,6.5,2.0700096409455958e-11,-106.84027631837904,3.451753042150114
EBS,8.5,9.2,7.3,4.0698068776592484e-11,-103.90426198626587,5.199651675091364
EBS,9.5,10.3,8.2,7.295944436152739e-11,-101.36918482130866,7.483330638667474
EBS,10.5,11.3,9.1,1.1984524178647383e-10,-99.21379204074215,10.38426270772559
EBS,11.5,12.4,10,1.9502272233464455e-10,-97.09914785511059,13.98630659514056
EBS,12.5,13.5,10.9,2.9697996394979996e-10,-95.27272849805898,18.375538659313268
EBS,13.5,14.5,11.7,4.238546354736245e-10,-93.72783062832005,23.64011039579586
EBS,14.5,15.6,12.6,6.067120336469335e-10,-92.17017391087546,29.87012596946164
EBS,15.5,16.7,13.5,8.420218790782158e-10,-90.74676623655353,37.157535663530126
EBS,16.5,17.8,14.4,1.1173689132910323e-9,-89.51803415465534,45.5960422020026
EBS,17.5,18.8,15.2,1.4787236684670638e-9,-88.30112975747797,55.281017646446735
EBS,18.5,19.9,16.1,1.928707069216205e-9,-87.14733727712985,66.30942909545958
EBS,19.5,21,17,2.3865784808244543e-9,-86.22224279618047,78.77977179780893
EBS,20.5,22,17.9,2.9711628038956087e-9,-85.27073550520021,92.79200857372624
EBS,21.5,23.1,18.7,3.7063489228792998e-9,-84.31053697767268,108.44751465266388
EBS,22.5,24.2,19.6,4.3765987257228475e-9,-83.5886327042897,125.84902719975312
EBS,23.5,25.2,20.5,5.330523583910936e-9,-82.73230130854209,145.10059893066787
EBS,24.5,26.3,21.4,6.259165992284369e-9,-82.03483530859673,166.30755531500506
EBS,25.5,27.4,22.3,7.053398469591155e-9,-81.5160158074403,189.57645494829606
EBS,26.5,28.5,23.1,8.405525471762865e-9,-80.75435131438836,215.01505273719005
EBS,27.5,29.5,24,9.373012827276391e-9,-80.28120788627042,242.73226559472403
EBS,28.5,30.6,24.9,1.1196958489218726e-8,-79.50899931859914,272.8381403855519
EBS,29.5,31.7,25.8,1.2462692541827435e-8,-79.04388119014712,305.4438238965156
EBS,30.5,32.7,26.6,1.4219203256828015e-8,-78.471247377031,340.661534637521
EBS,31.5,33.8,27.5,1.5216142422727047e-8,-78.17695435401734,378.6045363024861
EBS,32.5,34.9,28.4,1.6476470775962693e-8,-77.831358076065,419.3871127410625
EBS,33.5,35.9,29.3,1.7606623587746304e-8,-77.54323920455361,463.12454430960366
EBS,34.5,37,30.2,1.9855242252887767e-8,-77.02124809760987,509.9330854850254
EBS,35.5,38.1,31,2.074809674445769e-8,-76.83021735640561,559.9299436382191
