SHIP,SURVEY,EVENT_ID,GEAR,EQ_TIME,EQ_LATITUDE,EQ_LONGITUDE,HEAD_ROPE_DEPTH,BOTTOM_DEPTH,HEAD_ROPE_TEMP
21,200408,2,Methot,2004-06-11T08:05:02Z,56.0764,-162.2375,NA,75.27,NA
21,200408,4,Methot,2004-06-11T23:02:00Z,56.8888,-162.7837,NA,65.24,NA
21,200408,6,Methot,2004-06-13T11:56:11Z,57.1346,-164.608,NA,68.98,NA
21,200408,16,Methot,2004-06-17T02:35:47Z,54.2448,-166.1786,NA,426.38,NA
21,200408,25,Methot,2004-06-20T09:32:01Z,56.1411,-167.4951,NA,136.33,NA
21,200408,65,Methot,2004-07-07T09:26:00Z,57.6648,-171.5055,NA,99.53,NA
21,200408,66,Methot,2004-07-08T17:13:40Z,58.8692,-172.3918,NA,100.08,NA
21,200408,78,Methot,2004-07-11T07:04:06Z,59.7103,-173.2162,NA,94.15,NA
21,200608,30,Methot,2006-06-24T23:13:19Z,58.3129,-170.5847,NA,77.01,NA
21,200608,59,Methot,2006-07-07T07:33:38Z,61.296,-175.2395,NA,93.71,NA
21,200608,73,Methot,2006-07-17T19:05:04Z,58.7457,-176.4361,NA,128.87,NA
21,200608,84,Methot,2006-07-20T07:48:35Z,58.7782,-177.1042,NA,130.38,NA
21,200608,85,Methot,2006-07-20T16:42:29Z,58.6382,-177.0526,NA,145.26,NA
157,200707,1,Methot,2007-06-04T09:56:03Z,56.4153,-161.7217,26.12,78,1.69
157,200707,2,Methot,2007-06-06T00:39:14Z,56.1627,-163.285,75.38,86,1.2
157,200707,5,Methot,2007-06-07T03:04:48Z,56.8759,-164.0487,46.86,71,0.16
157,200707,12,Methot,2007-06-08T23:36:41Z,56.4168,-165.0422,67.76,83,0.95
157,200707,13,Methot,2007-06-09T17:09:35Z,56.4073,-165.6247,25.63,89,1.08
157,200707,16,Methot,2007-06-10T17:19:28Z,54.5819,-165.5826,172.16,289,3.56
157,200707,17,Methot,2007-06-12T02:21:34Z,55.5359,-166.1932,22.11,126,4.28
157,200707,18,Methot,2007-06-12T02:54:04Z,55.5357,-166.195,28.64,126,3.75
157,200707,23,Methot,2007-06-14T12:25:25Z,55.8053,-167.4351,31.19,136,4.29
157,200707,31,Methot,2007-06-16T21:29:01Z,55.7329,-168.6189,92.95,140,3.65
157,200707,35,Methot,2007-06-19T03:00:00Z,56.3206,-170.5316,NA,119,NA
157,200707,36,Methot,2007-06-19T03:29:44Z,56.3349,-170.5685,NA,119,NA
157,200707,38,Methot,2007-06-19T13:55:58Z,56.7738,-170.612,22.79,107,3.98
157,200707,48,Methot,2007-06-28T19:13:06Z,56.8358,-171.8616,91.35,117,2.72
157,200707,49,Methot,2007-06-28T20:26:21Z,56.8357,-171.8979,98.42,117,2.72
157,200707,52,Methot,2007-06-30T02:11:22Z,59.5707,-173.0769,88.76,97,0.42
157,200707,53,Methot,2007-06-30T16:30:27Z,60.7934,-174.0031,72.68,86,-1.62
157,200707,54,Methot,2007-06-30T17:58:10Z,60.8064,-173.9575,21.64,84,-0.76
157,200707,55,Methot,2007-07-01T00:57:38Z,59.6182,-173.7151,67.68,105,0.71
157,200707,61,Methot,2007-07-02T17:10:59Z,56.926,-173.0888,129.43,135,3.44
157,200707,66,Methot,2007-07-04T17:42:47Z,61.116,-174.7804,82.34,90,-1.5
157,200707,67,Methot,2007-07-04T23:02:30Z,61.0885,-175.463,95.45,100,0.18
157,200707,76,Methot,2007-07-07T00:16:41Z,58.5566,-174.4848,13.62,184,7.28
157,200707,93,Methot,2007-07-15T08:33:16Z,61.5888,-177.0004,48.72,115,-1.66
157,200707,114,Methot,2007-07-19T15:03:43Z,60.5361,-177.2796,27.43,150,2.59
157,200707,121,Methot,2007-07-21T06:51:00Z,60.2683,-177.9162,23.07,150,5.16
157,200707,125,Methot,2007-07-22T07:29:42Z,59.6693,-178.3613,173.11,181,2.59
157,200809,1,Methot,2008-06-05T06:23:04Z,56.113,-162.1611,NA,76,NA
157,200809,2,Methot,2008-06-06T05:51:20Z,56.6441,-163.3287,56.47,77,0.48
157,200809,3,Methot,2008-06-06T06:45:24Z,56.6439,-163.3269,NA,77,NA
157,200809,4,Methot,2008-06-06T20:14:35Z,55.5685,-163.3494,51.56,70,2.45
157,200809,6,Methot,2008-06-07T11:18:32Z,55.7691,-164.1552,27.42,95,2.93
157,200809,7,Methot,2008-06-08T05:29:48Z,56.1834,-164.5335,62.69,91,0.81
157,200809,8,Methot,2008-06-08T09:33:38Z,55.7664,-164.6087,22.7,97,3.89
157,200809,13,Methot,2008-06-09T20:18:52Z,55.9793,-165.1318,53.09,97,2.73
157,200809,14,Methot,2008-06-09T23:11:22Z,56.3491,-165.1397,73.86,87,0.17
157,200809,16,Methot,2008-06-11T18:24:00Z,54.4935,-165.7206,142.36,370,4.11
157,200809,17,Methot,2008-06-12T01:26:46Z,54.6643,-166.2774,273.08,317,3.61
157,200809,18,Methot,2008-06-13T00:24:42Z,57.4487,-166.3913,59.62,69,0.55
157,200809,19,Methot,2008-06-14T09:01:51Z,55.4073,-167.5185,13.41,142,4.9
157,200809,20,Methot,2008-06-14T11:01:47Z,55.4012,-167.499,18.53,142,4.79
157,200809,23,Methot,2008-06-16T10:22:45Z,55.7293,-168.398,11.15,139,5.25
157,200809,28,Methot,2008-06-23T07:59:13Z,56.1871,-170.5948,99.04,130,3.3
157,200809,29,Methot,2008-06-23T08:54:01Z,56.2593,-170.6108,30.54,124,3.04
157,200809,30,Methot,2008-06-23T16:42:47Z,56.5251,-171.2589,71.84,131,2.92
157,200809,32,Methot,2008-06-24T14:24:12Z,59.9093,-171.8992,61.12,71.6,-1.3
157,200809,33,Methot,2008-06-24T19:26:17Z,59.508,-172.4746,62.64,88,-0.73
157,200809,34,Methot,2008-06-25T08:46:08Z,57.1081,-171.9872,20.55,115,3.59
157,200809,42,Methot,2008-06-27T05:41:31Z,59.6363,-173.1398,69.28,96,-0.43
157,200809,43,Methot,2008-06-27T09:30:25Z,60.2019,-173.2704,29.8,65,-1.54
157,200809,48,Methot,2008-06-29T09:53:51Z,57.4683,-173.922,23.64,152,5.46
157,200809,55,Methot,2008-07-01T01:10:04Z,61.0668,-174.8509,86.06,92,-1.69
157,200809,57,Methot,2008-07-01T10:08:33Z,60.8561,-175.4666,29.21,107,-1.52
157,200809,60,Methot,2008-07-03T03:17:06Z,59.066,-175.6048,111.15,136,1.73
157,200809,62,Methot,2008-07-03T09:34:25Z,59.4218,-175.6822,43.38,138,0.64
157,200809,70,Methot,2008-07-04T10:34:04Z,60.865,-176.1742,16.1,116,0.14
157,200809,73,Methot,2008-07-05T02:41:30Z,61.4473,-176.3763,94.66,108,-1.07
157,200809,74,Methot,2008-07-05T03:37:05Z,61.4773,-176.3878,98.79,108,-0.95
157,200809,75,Methot,2008-07-05T06:01:11Z,61.5261,-176.4015,92.11,107,-0.95
157,200809,76,Methot,2008-07-05T09:18:46Z,61.9028,-176.5128,37.91,104,-1.68
157,200809,77,Methot,2008-07-05T16:57:32Z,62.2749,-177.3693,74.17,104,-1.35
157,200809,78,Methot,2008-07-05T19:10:10Z,61.9972,-177.267,95.79,113,-0.06
157,200809,81,Methot,2008-07-06T11:51:29Z,59.9468,-176.5674,40.28,142,-1.2
157,200809,89,Methot,2008-07-08T08:37:20Z,57.7626,-174.151,30.8,119,4.36
157,200809,90,Methot,2008-07-12T23:27:26Z,58.7084,-176.7753,78.76,131,1.9
157,200809,95,Methot,2008-07-14T18:08:29Z,61.7852,-177.9117,113.87,132,0.33
157,200809,102,Methot,2008-07-16T19:24:26Z,59.0149,-177.5391,108.26,136,2.24
157,200809,104,Methot,2008-07-17T21:23:53Z,61.1943,-179.088,198.07,230,2.02
157,200809,106,Methot,2008-07-18T04:53:44Z,61.8548,-179.3671,111.65,131,0.36
157,200909,26,Methot,2009-06-23T04:18:01Z,56.4308,-166.4269,55.39,101,1.04
157,200909,28,Methot,2009-06-24T02:47:19Z,56.5693,-167.0609,78.11,104,1.31
157,200909,30,Methot,2009-06-25T04:35:28Z,55.6148,-167.6007,121.08,136,3.36
157,200909,40,Methot,2009-06-27T16:51:31Z,57.5113,-169.003,65.99,71,-0.22
157,200909,41,Methot,2009-07-04T18:51:26Z,56.3258,-170.0924,92.42,110,3.08
157,200909,42,Methot,2009-07-05T02:39:45Z,56.6161,-170.754,NA,116,NA
157,200909,43,Methot,2009-07-05T05:25:07Z,56.9082,-170.8055,83.81,104,2.86
157,200909,67,Methot,2009-07-24T07:31:36Z,58.6805,-175.6009,126.21,135,2.4
157,200909,68,Methot,2009-07-24T17:59:16Z,59.006,-175.7018,113.47,135,1.14
157,200909,72,Methot,2009-07-26T00:37:13Z,62.0487,-176.7005,73.38,102,-0.97
157,200909,73,Methot,2009-07-26T16:59:22Z,61.3509,-177.1612,100.71,121,0.63
157,200909,76,Methot,2009-07-27T13:11:57Z,59.791,-176.6092,29.66,138,2.62
157,200909,82,Methot,2009-07-31T16:36:49Z,61.2018,-179.1795,NA,212,NA
157,200909,83,Methot,2009-08-01T06:42:00Z,61.2666,-179.9214,138.67,155,0.9
157,200909,87,Methot,2009-08-02T21:12:31Z,62.058,178.2708,75.39,81,1.87
157,200909,95,Methot,2009-08-05T23:31:23Z,56.6449,-170.7616,99.11,115,3.05
157,201006,4,Methot,2010-06-11T16:59:10Z,56.6659,-162.4208,49.5,71.05,-0.21
157,201006,8,Methot,2010-06-12T03:31:28Z,55.7239,-163.0337,63.21,74.02,1.54
157,201006,19,Methot,2010-06-17T17:45:57Z,54.9279,-165.937,124.56,139.98,4.06
157,201006,20,Methot,2010-06-18T20:04:30Z,55.0322,-166.5392,129.19,145.79,3.88
157,201006,25,Methot,2010-06-19T17:17:15Z,56.6146,-166.6582,76.55,92.81,1.42
157,201006,29,Methot,2010-06-20T07:02:48Z,56.9213,-167.2862,67.92,78.94,-0.51
157,201006,36,Methot,2010-06-23T08:21:13Z,56.6384,-168.4844,102.06,111.53,2.5
157,201006,44,Methot,2010-06-30T13:06:15Z,56.0104,-168.9642,31.44,1289,5.37
157,201006,46,Methot,2010-07-02T07:41:47Z,56.6812,-169.6914,50.46,78.67,1.51
157,201006,47,Methot,2010-07-02T21:31:16Z,56.2119,-170.2128,103.76,117.94,3.77
157,201006,48,Methot,2010-07-02T22:50:54Z,56.2091,-170.2146,95.17,117.79,3.78
157,201006,53,Methot,2010-07-06T16:17:13Z,59.6592,-172.8286,83.89,87.25,-0.46
157,201006,66,Methot,2010-07-11T04:10:08Z,58.7277,-173.9088,112.79,133.54,3.36
157,201006,68,Methot,2010-07-11T15:19:23Z,58.3202,-174.1754,127.54,136.05,3.22
157,201006,78,Methot,2010-07-14T16:09:51Z,58.43,-174.4351,147.41,152.06,3.12
157,201006,82,Methot,2010-07-23T06:36:00Z,59.8311,-176.2043,94.1,139.56,2.03
157,201006,111,Methot,2010-08-02T07:41:37Z,61.8625,177.9158,76.69,113.69,1.95
157,201207,1,Methot,2012-06-09T05:13:40Z,55.9242,-162.1938,45.62,55.75,1.36
157,201207,3,Methot,2012-06-11T20:02:06Z,56.6633,-164.6049,39.04,76.03,-0.64
157,201207,11,Methot,2012-06-13T19:12:49Z,56.7216,-165.2143,67.32,76.45,-0.19
157,201207,15,Methot,2012-06-16T02:27:01Z,55.4822,-166.3784,97.26,131.2,2.68
157,201207,18,Methot,2012-06-16T18:34:54Z,56.623,-166.4128,75.26,88.09,0.32
157,201207,19,Methot,2012-06-17T04:00:48Z,57.6203,-167.068,44.86,70.45,0.22
157,201207,23,Methot,2012-06-19T08:12:27Z,57.6043,-167.7302,30.55,71.15,0.34
157,201207,24,Methot,2012-06-19T21:52:10Z,57.7827,-168.3954,55.76,71.47,0.12
157,201207,33,Methot,2012-06-22T06:06:06Z,58.262,-169.1077,52.02,70.44,-0.19
157,201207,35,Methot,2012-06-22T22:36:31Z,57.4763,-169.6394,61.99,73.43,-0.74
157,201207,61,Methot,2012-07-07T19:28:03Z,57.0378,-172.0225,106.89,117.36,2.39
157,201207,62,Methot,2012-07-08T04:45:47Z,56.7152,-172.5787,42.97,132.71,4.38
157,201207,72,Methot,2012-07-10T16:57:44Z,60.9213,-174.1807,71.8,86.15,-1.54
157,201407,1,Methot,2014-06-14T06:37:52Z,56.9845,-162.1122,13.42,62.45,6.06
157,201407,2,Methot,2014-06-14T08:03:32Z,56.9863,-162.087,16.01,62.73,5.18
157,201407,6,Methot,2014-06-14T22:54:51Z,56.3367,-162.1711,22.01,74.11,6.88
157,201407,7,Methot,2014-06-14T23:51:50Z,56.3334,-162.1761,18.97,74.28,7.55
157,201407,19,Methot,2014-06-17T23:41:12Z,56.1911,-163.9857,83.5,88.49,3.79
157,201407,21,Methot,2014-06-19T17:08:44Z,54.3864,-165.1127,138.53,147.02,4.63
157,201407,27,Methot,2014-06-21T22:03:58Z,55.4223,-165.7449,96.94,118.54,4.21
157,201407,33,Methot,2014-06-23T21:52:48Z,57.4699,-166.4378,61.75,68.25,2.72
157,201407,41,Methot,2014-06-26T16:15:41Z,57.7546,-167.7391,NA,68.77,NA
157,201407,45,Methot,2014-06-28T02:40:47Z,56.2771,-168.8192,116.94,133.23,4.08
157,201407,49,Methot,2014-06-29T10:55:24Z,57.7614,-169.6195,16.42,69.8,7.16
157,201407,50,Methot,2014-06-29T11:33:25Z,57.7596,-169.6088,22.51,69.65,2.26
157,201407,56,Methot,2014-07-08T01:10:40Z,59.097,-171.1115,65.01,77.65,-0.02
157,201407,79,Methot,2014-07-14T18:46:36Z,57.016,-172.6074,116.09,121.9,4.07
157,201407,87,Methot,2014-07-17T03:21:10Z,60.7334,-174.0789,57.23,86.81,1.4
157,201407,142,Methot,2014-08-11T22:42:40Z,58.1237,-174.1051,133.09,135.27,3.74
157,201608,1,Methot,2016-06-14T09:23:09Z,57.1632,-162.0802,16.84,56.79,6.27
157,201608,2,Methot,2016-06-14T10:25:04Z,57.1659,-162.0884,49.11,56.84,6.21
157,201608,3,Methot,2016-06-14T12:02:12Z,57.1658,-162.0878,48.92,57.21,6.18
157,201608,6,Methot,2016-06-15T08:31:04Z,56.5029,-161.5468,19.43,66.33,7.39
157,201608,7,Methot,2016-06-15T09:29:12Z,56.5023,-161.5497,59.37,65.86,5.74
157,201608,8,Methot,2016-06-15T11:06:23Z,56.5021,-161.5528,57.31,66,5.74
157,201608,11,Methot,2016-06-16T09:53:29Z,55.819,-162.761,59.2,68.6,5.52
157,201608,15,Methot,2016-06-17T09:31:45Z,56.7129,-163.3251,67.25,73.36,4.82
157,201608,16,Methot,2016-06-17T10:59:01Z,56.7132,-163.3236,66.15,73.42,4.8
157,201608,20,Methot,2016-06-18T08:25:16Z,55.2702,-163.9009,56.96,65.27,6.55
157,201608,21,Methot,2016-06-18T10:19:23Z,55.2706,-163.9002,56.81,65.51,6.54
157,201608,27,Methot,2016-06-20T03:00:52Z,56.0719,-164.5333,83.12,90.45,4.7
157,201608,29,Methot,2016-06-20T10:58:57Z,55.849,-164.5322,28.14,94.96,7.07
157,201608,30,Methot,2016-06-20T17:04:35Z,55.4575,-164.5336,93.13,101.32,5.51
157,201608,32,Methot,2016-06-21T08:38:17Z,54.6699,-165.0986,65.09,79.48,6.95
157,201608,33,Methot,2016-06-21T10:11:11Z,54.6692,-165.1006,66.9,79.95,7.22
157,201608,38,Methot,2016-06-22T08:57:43Z,56.3185,-165.1395,79.13,88.21,4.63
157,201608,39,Methot,2016-06-22T10:38:44Z,56.32,-165.1417,79.16,87.95,4.63
157,201608,45,Methot,2016-06-25T08:30:05Z,54.8628,-166.1838,42.51,153.69,8.07
157,201608,46,Methot,2016-06-25T10:38:53Z,54.8597,-166.1857,142.54,153.09,4.72
157,201608,49,Methot,2016-06-26T08:41:21Z,57.7172,-166.4364,55.66,65.93,4.67
157,201608,50,Methot,2016-06-26T10:23:52Z,57.7161,-166.4329,56.79,65.95,4.67
157,201608,53,Methot,2016-06-27T08:40:33Z,55.2177,-166.8899,134.72,143.17,4.66
157,201608,54,Methot,2016-06-27T10:31:52Z,55.2174,-166.8879,134.3,143.02,4.66
157,201608,56,Methot,2016-06-28T01:09:38Z,55.3746,-167.4925,129.46,143.57,4.7
157,201608,57,Methot,2016-06-28T02:54:34Z,55.3735,-167.4926,129.04,143.53,4.66
157,201608,60,Methot,2016-06-28T09:07:37Z,55.5354,-167.5077,126.07,137.88,4.68
157,201608,61,Methot,2016-06-28T10:51:43Z,55.5331,-167.5071,128.68,137.73,4.66
157,201608,66,Methot,2016-06-29T10:31:42Z,57.1568,-167.652,67.11,75.27,4.44
157,201608,67,Methot,2016-06-29T12:12:48Z,57.1545,-167.6514,61.72,75.3,4.43
157,201608,69,Methot,2016-06-30T08:42:31Z,56.4449,-168.2057,118.33,129.37,4.72
157,201608,70,Methot,2016-06-30T10:18:40Z,56.4448,-168.2019,120.11,129.58,4.71
157,201608,75,Methot,2016-07-01T09:44:55Z,55.9005,-168.7447,141.17,157.52,4.05
157,201608,76,Methot,2016-07-01T11:33:50Z,55.9007,-168.7461,144.88,157.66,4.15
157,201608,79,Methot,2016-07-02T09:10:44Z,58.3353,-169.0353,57.09,67.55,4.28
157,201608,81,Methot,2016-07-02T11:08:16Z,58.3329,-169.0365,58.91,67.7,4.28
157,201608,111,Methot,2016-07-18T21:04:30Z,57.1161,-171.9855,NA,112.78,NA
157,201608,112,Methot,2016-07-18T22:33:32Z,57.1177,-171.986,101.42,112.69,4.77
157,201608,124,Methot,2016-07-23T10:03:20Z,58.4686,-173.5011,107.73,119.28,4.13
157,201608,125,Methot,2016-07-23T10:55:22Z,58.4691,-173.5001,107.44,119.15,4.13
157,201608,138,Methot,2016-08-03T11:29:41Z,61.3517,-175.6739,88.29,98.07,0.88
157,201608,139,Methot,2016-08-03T12:38:14Z,61.3635,-175.6659,85.36,97.87,0.81
157,201608,146,Methot,2016-08-05T10:50:38Z,58.7428,-174.8723,139.35,147.41,3.69
157,201608,147,Methot,2016-08-05T12:00:35Z,58.7434,-174.8754,136.78,146.88,3.68
157,201608,176,Methot,2016-08-09T18:08:12Z,58.7089,-176.803,98.73,131.12,3.31
157,201608,177,Methot,2016-08-09T19:50:20Z,58.7055,-176.8212,119.92,131.94,3.17
157,201608,205,Methot,2016-08-12T22:46:03Z,58.7685,-177.4424,127.94,137.81,3.53
157,201608,206,Methot,2016-08-13T00:29:48Z,58.7608,-177.4397,132.89,138.97,3.41
157,201807,8,Methot,2018-06-12T02:37:54Z,55.8666,-163.9824,70.46,93.56,3.94
157,201807,60,Methot,2018-06-27T04:05:55Z,59.9199,-170.5923,51.43,65.56,3.02
157,201807,67,Methot,2018-07-05T16:47:20Z,60.3404,-171.3494,58.49,66.35,2.46
157,201807,75,Methot,2018-07-27T09:28:03Z,58.6401,-171.6621,29.8,93.1,6.04
157,201807,80,Methot,2018-07-29T00:20:51Z,58.0369,-172.2128,93.16,103.99,3.7
157,201807,95,Methot,2018-08-03T06:36:57Z,61.0297,-174.2126,72.91,83.13,3.38
157,201807,133,Methot,2018-08-18T11:58:44Z,61.1826,-176.5684,22.17,113.53,8
157,201807,134,Methot,2018-08-18T18:18:04Z,61.5339,-176.3879,96.27,105.84,2.37
157,201807,138,Methot,2018-08-19T10:45:21Z,61.0571,-177.105,20.99,124.76,9.56
157,201807,140,Methot,2018-08-19T13:27:45Z,61.0927,-176.8984,19.16,120.19,9.69
157,201807,4,Methot,2018-06-10T04:27:57Z,55.7532,-162.8248,NA,61.98,NA
157,201807,128,Methot,2018-08-17T12:46:56Z,59.4221,-175.6879,20.66,136.49,9.96
157,201807,123,Methot,2018-08-16T12:54:48Z,59.0348,-174.9792,18.25,128.97,9.73
157,202207,1,Methot,2022-06-04T04:11:23Z,56.5442,-162.7747,42.95,78.46,3.01
157,202207,18,Methot,2022-06-24T03:09:24Z,59.1575,-171.7719,56.29,83.61,NA
157,202207,20,Methot,2022-06-26T00:10:47Z,58.5886,-172.9649,41.83,112.07,3.11
157,202207,64,Methot,2022-07-29T20:50:59Z,62.5069,-173.8658,58.87,67.46,NA
157,202207,74,Methot,2022-08-03T00:10:33Z,57.3093,-171.7085,86.66,105.55,NA
157,202408,9,Methot,2024-06-17T06:27:09Z,57.895,-167.7564,NA,67.72,NA
157,202408,16,Methot,2024-06-21T16:34:53Z,59.7377,-170.5771,45.69,67.31,NA
157,202408,56,Methot,2024-07-15T17:29:22Z,61.5257,-175.7283,77.71,97.13,NA
